<?xml version="1.0" encoding="UTF-8"?>
<Options>
    <Chunks>
        <FileType value="HWC">
            <Offset value="0x40"/>
            <Offset value="0x1840" required="false"/>
        </FileType>
        <FileType value="MWC">
            <Offset value="0x40"/>
            <Offset value="0x1840" required="false"/>
        </FileType>
        <FileType value="BIN">
            <Offset value="0x40"/>
        </FileType>
        <FileType value="USP">
            <Offset value="0x40"/>
        </FileType>
        <FileType value="NXI">
            <Offset value="0x200"/>
        </FileType>
        <FileType value="NXE">
            <Offset value="0x1C0"/>
        </FileType>
        <FileType value="MFO">
            <Offset value="0x200"/>
        </FileType>
        <FileType value="MXF">
            <Offset value="0x200"/>
        </FileType>
    </Chunks>
</Options>
