<?xml version="1.0" ?>
<HbootImage has_end="True" has_header="True" type="INTRAM">
	<Chunks>
		<UpdateSecureInfoPage>
			<TargetInfoPage>COM</TargetInfoPage>
			<Data>
				<Concat>
					<!--PROTECTION OPTION FLAGS-->
					<!--SECURITY_LEVEL1                    OFF-->
					<!--SECURITY_LEVEL2                    OFF-->
					<!--SECURE_BOOT_VIA_SIGNATURE          OFF-->
					<!--ENABLE_MI_UART_IN_SECURE           OFF-->
					<!--HIDE_COM_LOWER_PART                OFF-->
					<!--HIDE_COM_UPPER_PART                OFF-->
					<!--COPY_COM_LOWER_PART_TO_INTRAM      ON-->
					<!--COPY_COM_UPPER_PART_TO_INTRAM      ON-->
					<!--## data offset ##-->
					<UInt16>556</UInt16>
					<!--## data size ##-->
					<UInt16>1</UInt16>
					<!--## data value ##-->
					<Hex>C0</Hex>
				</Concat>
			</Data>
		</UpdateSecureInfoPage>
	</Chunks>
</HbootImage>
