<?xml version="1.0" encoding="UTF-8"?>
<?xml-stylesheet type="text/xsl" href="jonchkireport.xsl"?>

<JonchkiReport>
	<artifacts>
		<artifact id='11'>
			<dependency_group id='1'>
				<dependency id='1'>
					<module>lua</module>
					<artifact>lua</artifact>
					<version>5.4</version>
					<group>org.lua</group>
				</dependency>
			</dependency_group>
			<version></version>
			<dependency_group id='2'>
				<dependency id='1'>
					<module>lua</module>
					<artifact>lua</artifact>
					<version>5.1</version>
					<group>org.lua</group>
				</dependency>
			</dependency_group>
			<repositories>
				<configuration>github (cached)</configuration>
				<artifact>github (cached)</artifact>
			</repositories>
			<parent id='1'>1</parent>
			<info>
				<module>argparse</module>
				<platform></platform>
				<extension>zip</extension>
				<group>com.github.mpeterv</group>
				<description>
			Feature-rich command line parser for Lua.
		</description>
				<version>0.6.0.2</version>
				<artifact>argparse</artifact>
				<author_name>Peter Melnichenko</author_name>
				<license>MIT</license>
				<author_url>https://github.com/mpeterv/argparse</author_url>
				<vcs_id>GIT0.6.0.2</vcs_id>
			</info>
		</artifact>
		<artifact id='24'>
			<dependency_group id='1'>
				<dependency id='1'>
					<module>lua</module>
					<artifact>lua</artifact>
					<version>5.1</version>
					<group>org.lua</group>
				</dependency>
				<build_dependency id='1'>
					<module>lua</module>
					<artifact>lua</artifact>
					<version>5.1</version>
					<group>org.lua</group>
				</build_dependency>
			</dependency_group>
			<version></version>
			<repositories>
				<configuration>github</configuration>
				<artifact>github</artifact>
			</repositories>
			<parent id='1'>1</parent>
			<info>
				<module>luaexpat</module>
				<platform>windows_x86</platform>
				<extension>tar.xz</extension>
				<group>uk.co.matthewwild</group>
				<description>
			LuaExpat is a SAX XML parser based on the Expat library.
		</description>
				<version>1.3.0.5</version>
				<artifact>lua5.1-luaexpat</artifact>
				<author_name>The Kepler Project</author_name>
				<license>MIT</license>
				<author_url>http://matthewwild.co.uk/projects/luaexpat/</author_url>
				<vcs_id>GITv1.3.0.5</vcs_id>
			</info>
		</artifact>
		<artifact id='22'>
			<dependency_group id='1'>
				<build_dependency id='1'>
					<module>lua</module>
					<artifact>lua</artifact>
					<version>5.1</version>
					<group>org.lua</group>
				</build_dependency>
				<dependency id='1'>
					<module>lua</module>
					<artifact>lua</artifact>
					<version>5.1</version>
					<group>org.lua</group>
				</dependency>
				<build_dependency id='2'>
					<module>zlib</module>
					<artifact>zlib</artifact>
					<version>1</version>
					<group>net.zlib</group>
				</build_dependency>
			</dependency_group>
			<version></version>
			<repositories>
				<configuration>github</configuration>
				<artifact>github</artifact>
			</repositories>
			<parent id='1'>1</parent>
			<info>
				<module>archive</module>
				<platform>windows_x86</platform>
				<extension>tar.xz</extension>
				<group>org.muhkuh.lua</group>
				<description>
LUA bindings for libarchive (http://libarchive.org/) including bzip2, lz4, lzma and zstandard.

libbzip2 license:
--------------------------------------------------------------------------

This program, &quot;bzip2&quot;, the associated library &quot;libbzip2&quot;, and all
documentation, are copyright (C) 1996-2010 Julian R Seward.  All
rights reserved.

Redistribution and use in source and binary forms, with or without
modification, are permitted provided that the following conditions
are met:

1. Redistributions of source code must retain the above copyright
   notice, this list of conditions and the following disclaimer.

2. The origin of this software must not be misrepresented; you must
   not claim that you wrote the original software.  If you use this
   software in a product, an acknowledgment in the product
   documentation would be appreciated but is not required.

3. Altered source versions must be plainly marked as such, and must
   not be misrepresented as being the original software.

4. The name of the author may not be used to endorse or promote
   products derived from this software without specific prior written
   permission.

THIS SOFTWARE IS PROVIDED BY THE AUTHOR ``AS IS&apos;&apos; AND ANY EXPRESS
OR IMPLIED WARRANTIES, INCLUDING, BUT NOT LIMITED TO, THE IMPLIED
WARRANTIES OF MERCHANTABILITY AND FITNESS FOR A PARTICULAR PURPOSE
ARE DISCLAIMED.  IN NO EVENT SHALL THE AUTHOR BE LIABLE FOR ANY
DIRECT, INDIRECT, INCIDENTAL, SPECIAL, EXEMPLARY, OR CONSEQUENTIAL
DAMAGES (INCLUDING, BUT NOT LIMITED TO, PROCUREMENT OF SUBSTITUTE
GOODS OR SERVICES; LOSS OF USE, DATA, OR PROFITS; OR BUSINESS
INTERRUPTION) HOWEVER CAUSED AND ON ANY THEORY OF LIABILITY,
WHETHER IN CONTRACT, STRICT LIABILITY, OR TORT (INCLUDING
NEGLIGENCE OR OTHERWISE) ARISING IN ANY WAY OUT OF THE USE OF THIS
SOFTWARE, EVEN IF ADVISED OF THE POSSIBILITY OF SUCH DAMAGE.

Julian Seward, jseward@bzip.org
bzip2/libbzip2 version 1.0.6 of 6 September 2010

--------------------------------------------------------------------------


liblz4 license:
--------------------------------------------------------------------------
LZ4 Library
Copyright (c) 2011-2016, Yann Collet
All rights reserved.

Redistribution and use in source and binary forms, with or without modification,
are permitted provided that the following conditions are met:

* Redistributions of source code must retain the above copyright notice, this
  list of conditions and the following disclaimer.

* Redistributions in binary form must reproduce the above copyright notice, this
  list of conditions and the following disclaimer in the documentation and/or
  other materials provided with the distribution.

THIS SOFTWARE IS PROVIDED BY THE COPYRIGHT HOLDERS AND CONTRIBUTORS &quot;AS IS&quot; AND
ANY EXPRESS OR IMPLIED WARRANTIES, INCLUDING, BUT NOT LIMITED TO, THE IMPLIED
WARRANTIES OF MERCHANTABILITY AND FITNESS FOR A PARTICULAR PURPOSE ARE
DISCLAIMED. IN NO EVENT SHALL THE COPYRIGHT HOLDER OR CONTRIBUTORS BE LIABLE FOR
ANY DIRECT, INDIRECT, INCIDENTAL, SPECIAL, EXEMPLARY, OR CONSEQUENTIAL DAMAGES
(INCLUDING, BUT NOT LIMITED TO, PROCUREMENT OF SUBSTITUTE GOODS OR SERVICES;
LOSS OF USE, DATA, OR PROFITS; OR BUSINESS INTERRUPTION) HOWEVER CAUSED AND ON
ANY THEORY OF LIABILITY, WHETHER IN CONTRACT, STRICT LIABILITY, OR TORT
(INCLUDING NEGLIGENCE OR OTHERWISE) ARISING IN ANY WAY OUT OF THE USE OF THIS
SOFTWARE, EVEN IF ADVISED OF THE POSSIBILITY OF SUCH DAMAGE.
--------------------------------------------------------------------------


liblzma license:
--------------------------------------------------------------------------
    Different licenses apply to different files in this package. Here
    is a rough summary of which licenses apply to which parts of this
    package (but check the individual files to be sure!):

      - liblzma is in the public domain.
[...]

    You can do whatever you want with the files that have been put into
    the public domain. If you find public domain legally problematic,
    take the previous sentence as a license grant. If you still find
    the lack of copyright legally problematic, you have too many
    lawyers.
--------------------------------------------------------------------------


libzstd license:
--------------------------------------------------------------------------
BSD License

For Zstandard software

Copyright (c) 2016-present, Facebook, Inc. All rights reserved.

Redistribution and use in source and binary forms, with or without modification,
are permitted provided that the following conditions are met:

 * Redistributions of source code must retain the above copyright notice, this
   list of conditions and the following disclaimer.

 * Redistributions in binary form must reproduce the above copyright notice,
   this list of conditions and the following disclaimer in the documentation
   and/or other materials provided with the distribution.

 * Neither the name Facebook nor the names of its contributors may be used to
   endorse or promote products derived from this software without specific
   prior written permission.

THIS SOFTWARE IS PROVIDED BY THE COPYRIGHT HOLDERS AND CONTRIBUTORS &quot;AS IS&quot; AND
ANY EXPRESS OR IMPLIED WARRANTIES, INCLUDING, BUT NOT LIMITED TO, THE IMPLIED
WARRANTIES OF MERCHANTABILITY AND FITNESS FOR A PARTICULAR PURPOSE ARE
DISCLAIMED. IN NO EVENT SHALL THE COPYRIGHT HOLDER OR CONTRIBUTORS BE LIABLE FOR
ANY DIRECT, INDIRECT, INCIDENTAL, SPECIAL, EXEMPLARY, OR CONSEQUENTIAL DAMAGES
(INCLUDING, BUT NOT LIMITED TO, PROCUREMENT OF SUBSTITUTE GOODS OR SERVICES;
LOSS OF USE, DATA, OR PROFITS; OR BUSINESS INTERRUPTION) HOWEVER CAUSED AND ON
ANY THEORY OF LIABILITY, WHETHER IN CONTRACT, STRICT LIABILITY, OR TORT
(INCLUDING NEGLIGENCE OR OTHERWISE) ARISING IN ANY WAY OUT OF THE USE OF THIS
SOFTWARE, EVEN IF ADVISED OF THE POSSIBILITY OF SUCH DAMAGE.
--------------------------------------------------------------------------
		</description>
				<version>0.0.2.2</version>
				<artifact>lua5.1-archive</artifact>
				<author_name>Muhkuh Team</author_name>
				<license>GPL-V2</license>
				<author_url>https://github.com/muhkuh-sys/org.muhkuh.lua-archive</author_url>
				<vcs_id>GITv0.0.2.2</vcs_id>
			</info>
		</artifact>
		<artifact id='20'>
			<dependency_group id='1'>
				<dependency id='1'>
					<module>lua</module>
					<artifact>lua</artifact>
					<version>5.1</version>
					<group>org.lua</group>
				</dependency>
				<build_dependency id='1'>
					<module>lua</module>
					<artifact>lua</artifact>
					<version>5.1</version>
					<group>org.lua</group>
				</build_dependency>
			</dependency_group>
			<parent id='18'>18</parent>
			<repositories>
				<configuration>github</configuration>
				<artifact>github</artifact>
			</repositories>
			<info>
				<module>luafilesystem</module>
				<platform>windows_x86</platform>
				<extension>tar.xz</extension>
				<group>com.github.keplerproject</group>
				<description>
			LuaFileSystem is a Lua library developed to complement the set of functions related to file systems offered by the standard Lua distribution.
			LuaFileSystem offers a portable way to access the underlying directory structure and file attributes.
		</description>
				<version>1.7.0.2.3</version>
				<artifact>lua5.1-luafilesystem</artifact>
				<author_name>Kepler Project</author_name>
				<license>MIT</license>
				<author_url>https://github.com/keplerproject/luafilesystem</author_url>
				<vcs_id>GITv1.7.0.2.3</vcs_id>
			</info>
			<version></version>
		</artifact>
		<artifact id='8'>
			<dependency_group id='1'>
				<dependency id='2'>
					<module>openocd</module>
					<artifact>openocd</artifact>
					<version>0.11</version>
					<group>org.openocd</group>
				</dependency>
				<dependency id='1'>
					<module>lua</module>
					<artifact>lua</artifact>
					<version>5.1</version>
					<group>org.lua</group>
				</dependency>
				<build_dependency id='1'>
					<module>lua</module>
					<artifact>lua</artifact>
					<version>5.1</version>
					<group>org.lua</group>
				</build_dependency>
			</dependency_group>
			<parent id='2'>2</parent>
			<info>
				<module>romloader</module>
				<platform>windows_x86</platform>
				<extension>tar.xz</extension>
				<group>org.muhkuh.lua</group>
				<description>
			This module provides the romloader plugins for the LUA5.1 interpreter. The plugins provide communication with netX based hardware.
		</description>
				<version>2.5.3</version>
				<artifact>lua5.1-romloader</artifact>
				<author_name>Muhkuh team</author_name>
				<license>GPL-2.0</license>
				<author_url>https://github.com/muhkuh-sys</author_url>
				<vcs_id>GIT2.5.3-9704dec4ac5a+</vcs_id>
			</info>
			<repositories>
				<configuration>github</configuration>
				<artifact>github</artifact>
			</repositories>
			<version></version>
		</artifact>
		<artifact id='0'>
			<parent id='none'>none</parent>
			<info>
				<module>flasher</module>
				<platform></platform>
				<extension>zip</extension>
				<group>org.muhkuh.tools</group>
				<artifact>flasher_cli</artifact>
				<version>1.8.1</version>
				<vcs_id>GIT1.8.1</vcs_id>
			</info>
			<repositories>
				<configuration>unknown</configuration>
				<artifact>unknown</artifact>
			</repositories>
			<dependency_group id='1'>
				<dependency id='1'>
					<module>flasher</module>
					<artifact>lua5.1-flasher</artifact>
					<version>1.8.1</version>
					<group>org.muhkuh.tools</group>
				</dependency>
			</dependency_group>
			<version></version>
		</artifact>
		<artifact id='13'>
			<dependency_group id='1'>
				<dependency id='1'>
					<module>lua-term</module>
					<artifact>lua5.4-lua-term</artifact>
					<version>0</version>
					<group>com.github.hoelzro</group>
				</dependency>
				<dependency id='2'>
					<module>date</module>
					<artifact>date</artifact>
					<version>2</version>
					<group>com.github.tieske</group>
				</dependency>
			</dependency_group>
			<version></version>
			<dependency_group id='2'>
				<dependency id='1'>
					<module>lua-term</module>
					<artifact>lua5.1-lua-term</artifact>
					<version>0</version>
					<group>com.github.hoelzro</group>
				</dependency>
				<dependency id='2'>
					<module>date</module>
					<artifact>date</artifact>
					<version>2</version>
					<group>com.github.tieske</group>
				</dependency>
			</dependency_group>
			<repositories>
				<configuration>github (cached)</configuration>
				<artifact>github (cached)</artifact>
			</repositories>
			<parent id='1'>1</parent>
			<info>
				<module>lua-log</module>
				<platform></platform>
				<extension>zip</extension>
				<group>com.github.moteus</group>
				<description>
			Asynchronous logging library for Lua.
		</description>
				<version>0.1.6.5</version>
				<artifact>lua-log</artifact>
				<author_name>Alexey Melnichuk</author_name>
				<license>MIT</license>
				<author_url>https://github.com/moteus/lua-log</author_url>
				<vcs_id>GIT0.1.6.5</vcs_id>
			</info>
		</artifact>
		<artifact id='16'>
			<dependency_group id='1'>
				<dependency id='1'>
					<module>lua</module>
					<artifact>lua</artifact>
					<version>5.4</version>
					<group>org.lua</group>
				</dependency>
			</dependency_group>
			<info>
				<module>date</module>
				<platform></platform>
				<extension>zip</extension>
				<group>com.github.tieske</group>
				<description>
			LuaDate is a Lua module for date and time calculation and retrieval using the Gregorian Date system.
		</description>
				<version>2.2.1</version>
				<artifact>date</artifact>
				<author_name>Thijs Schreijer</author_name>
				<license>MIT</license>
				<author_url>https://github.com/Tieske/date</author_url>
				<vcs_id>GIT2.2.1</vcs_id>
			</info>
			<dependency_group id='2'>
				<dependency id='1'>
					<module>lua</module>
					<artifact>lua</artifact>
					<version>5.1</version>
					<group>org.lua</group>
				</dependency>
			</dependency_group>
			<repositories>
				<configuration>github (cached)</configuration>
				<artifact>github (cached)</artifact>
			</repositories>
			<parent id='13'>13</parent>
			<version></version>
		</artifact>
		<artifact id='14'>
			<dependency_group id='1'>
				<dependency id='1'>
					<module>lua</module>
					<artifact>lua</artifact>
					<version>5.1</version>
					<group>org.lua</group>
				</dependency>
				<build_dependency id='1'>
					<module>lua</module>
					<artifact>lua</artifact>
					<version>5.1</version>
					<group>org.lua</group>
				</build_dependency>
			</dependency_group>
			<info>
				<module>lua-term</module>
				<platform>windows_x86</platform>
				<extension>tar.xz</extension>
				<group>com.github.hoelzro</group>
				<description>
			Terminal operations for Lua
		</description>
				<version>0.7.4</version>
				<artifact>lua5.1-lua-term</artifact>
				<author_name>Rob Hoelz</author_name>
				<license>MIT</license>
				<author_url>https://github.com/hoelzro/lua-term</author_url>
				<vcs_id>GIT0.7.4</vcs_id>
			</info>
			<repositories>
				<configuration>github</configuration>
				<artifact>github</artifact>
			</repositories>
			<parent id='13'>13</parent>
			<version></version>
		</artifact>
		<artifact id='1'>
			<dependency_group id='1'>
				<dependency id='6'>
					<module>luaexpat</module>
					<artifact>lua5.1-luaexpat</artifact>
					<version>1.3.0</version>
					<group>uk.co.matthewwild</group>
				</dependency>
				<dependency id='3'>
					<module>lua-log</module>
					<artifact>lua-log</artifact>
					<version>0.1.6</version>
					<group>com.github.moteus</group>
				</dependency>
				<dependency id='5'>
					<module>archive</module>
					<artifact>lua5.1-archive</artifact>
					<version>0.0.2</version>
					<group>org.muhkuh.lua</group>
				</dependency>
				<dependency id='2'>
					<module>argparse</module>
					<artifact>argparse</artifact>
					<version>0.6</version>
					<group>com.github.mpeterv</group>
				</dependency>
				<dependency id='1'>
					<module>muhkuh_base_cli</module>
					<artifact>lua5.1-muhkuh_base_cli</artifact>
					<version>2.3</version>
					<group>org.muhkuh.tools</group>
				</dependency>
				<dependency id='4'>
					<module>penlight</module>
					<artifact>penlight</artifact>
					<version>1.6</version>
					<group>com.github.stevedonovan</group>
				</dependency>
			</dependency_group>
			<version></version>
			<parent id='0'>0</parent>
			<repositories>
				<configuration>local</configuration>
				<artifact>local</artifact>
			</repositories>
			<info>
				<module>flasher</module>
				<platform></platform>
				<extension>zip</extension>
				<group>org.muhkuh.tools</group>
				<description>
			The flasher is an application for systems based on the Hilscher &quot;netX&quot; CPU. It writes data to flash or EEPROM chips.
		</description>
				<version>1.8.1</version>
				<artifact>lua5.1-flasher</artifact>
				<author_name>Flasher team</author_name>
				<license>GPL-2.0</license>
				<author_url>https://github.com/muhkuh-sys/flasher</author_url>
				<vcs_id>GIT1.8.1</vcs_id>
			</info>
		</artifact>
		<artifact id='2'>
			<dependency_group id='1'>
				<dependency id='4'>
					<module>romloader</module>
					<artifact>lua5.1-romloader</artifact>
					<version>2.5</version>
					<group>org.muhkuh.lua</group>
				</dependency>
				<dependency id='2'>
					<module>bitop</module>
					<artifact>lua5.1-bitop</artifact>
					<version>1.0.2</version>
					<group>org.luajit</group>
				</dependency>
				<dependency id='1'>
					<module>lua</module>
					<artifact>lua</artifact>
					<version>5.1</version>
					<group>org.lua</group>
				</dependency>
				<dependency id='3'>
					<module>mhash</module>
					<artifact>lua5.1-mhash</artifact>
					<version>0.9.9.9</version>
					<group>org.muhkuh.lua</group>
				</dependency>
			</dependency_group>
			<version></version>
			<repositories>
				<configuration>github (cached)</configuration>
				<artifact>github (cached)</artifact>
			</repositories>
			<parent id='1'>1</parent>
			<info>
				<module>muhkuh_base_cli</module>
				<platform></platform>
				<extension>zip</extension>
				<group>org.muhkuh.tools</group>
				<description>
			This module contains the common scripts required in all Muhkuh command line environments. It adds a list of dependencies to set up a basic command line environment.
		</description>
				<version>2.3.2</version>
				<artifact>lua5.1-muhkuh_base_cli</artifact>
				<author_name>Muhkuh team</author_name>
				<license>GPL-2.0</license>
				<author_url>https://github.com/muhkuh-sys</author_url>
				<vcs_id>GIT2.3.2-524dde422050</vcs_id>
			</info>
		</artifact>
		<artifact id='4'>
			<dependency_group id='1'>
				<dependency id='1'>
					<module>lua</module>
					<artifact>lua</artifact>
					<version>5.1</version>
					<group>org.lua</group>
				</dependency>
				<build_dependency id='1'>
					<module>lua</module>
					<artifact>lua</artifact>
					<version>5.1</version>
					<group>org.lua</group>
				</build_dependency>
			</dependency_group>
			<parent id='2'>2</parent>
			<info>
				<module>bitop</module>
				<platform>windows_x86</platform>
				<extension>tar.xz</extension>
				<group>org.luajit</group>
				<description>
			Lua BitOp is a C extension module for Lua 5.1/5.2 which adds bitwise operations on numbers.
		</description>
				<version>1.0.2.10</version>
				<artifact>lua5.1-bitop</artifact>
				<author_name>Mike Pall</author_name>
				<license>MIT</license>
				<author_url>http://bitop.luajit.org</author_url>
				<vcs_id>GITv1.0.2.10</vcs_id>
			</info>
			<repositories>
				<configuration>github</configuration>
				<artifact>github</artifact>
			</repositories>
			<version></version>
		</artifact>
		<artifact id='10'>
			<repositories>
				<configuration>github</configuration>
				<artifact>github</artifact>
			</repositories>
			<info>
				<module>openocd</module>
				<platform>windows_x86</platform>
				<extension>tar.xz</extension>
				<group>org.openocd</group>
				<description>
OpenOCD provides on-chip programming and debugging support with a
layered architecture of JTAG interface and TAP support including:

- (X)SVF playback to facilitate automated boundary scan and FPGA/CPLD
  programming;
- debug target support (e.g. ARM, MIPS): single-stepping,
  breakpoints/watchpoints, gprof profiling, etc;
- flash chip drivers (e.g. CFI, NAND, internal flash);
- embedded TCL interpreter for easy scripting.

This version comes with a simple front-end for the LUA language.
		</description>
				<version>0.11.0.1</version>
				<artifact>openocd</artifact>
				<author_name>OpenOCD team</author_name>
				<license>GPL-V2</license>
				<author_url>http://openocd.org</author_url>
				<vcs_id>GITv0.11.0.1</vcs_id>
			</info>
			<version></version>
			<parent id='8'>8</parent>
		</artifact>
		<artifact id='18'>
			<dependency_group id='1'>
				<dependency id='1'>
					<module>lua</module>
					<artifact>lua</artifact>
					<version>5.3</version>
					<group>org.lua</group>
				</dependency>
				<dependency id='2'>
					<module>luafilesystem</module>
					<artifact>lua5.3-luafilesystem</artifact>
					<version>1.7</version>
					<group>com.github.keplerproject</group>
				</dependency>
			</dependency_group>
			<version></version>
			<dependency_group id='2'>
				<dependency id='1'>
					<module>lua</module>
					<artifact>lua</artifact>
					<version>5.2</version>
					<group>org.lua</group>
				</dependency>
				<dependency id='2'>
					<module>luafilesystem</module>
					<artifact>lua5.2-luafilesystem</artifact>
					<version>1.7</version>
					<group>com.github.keplerproject</group>
				</dependency>
			</dependency_group>
			<repositories>
				<configuration>github (cached)</configuration>
				<artifact>github (cached)</artifact>
			</repositories>
			<dependency_group id='3'>
				<dependency id='1'>
					<module>lua</module>
					<artifact>lua</artifact>
					<version>5.1</version>
					<group>org.lua</group>
				</dependency>
				<dependency id='2'>
					<module>luafilesystem</module>
					<artifact>lua5.1-luafilesystem</artifact>
					<version>1.7</version>
					<group>com.github.keplerproject</group>
				</dependency>
			</dependency_group>
			<parent id='1'>1</parent>
			<info>
				<module>penlight</module>
				<platform></platform>
				<extension>zip</extension>
				<group>com.github.stevedonovan</group>
				<description>
			A set of pure Lua libraries focusing on input data handling (such as reading
			configuration files), functional programming (such as map, reduce, placeholder
			expressions,etc), and OS path management. Much of the functionality is
			inspired by the Python standard libraries.
		</description>
				<version>1.6.0.1</version>
				<artifact>penlight</artifact>
				<author_name>Steve Donovan, David Manura</author_name>
				<license>MIT</license>
				<author_url>https://github.com/stevedonovan/Penlight</author_url>
				<vcs_id>GIT1.6.0.1-504135b18ab7</vcs_id>
			</info>
		</artifact>
		<artifact id='3'>
			<parent id='8'>8</parent>
			<parent id='14'>14</parent>
			<repositories>
				<configuration>github</configuration>
				<artifact>github</artifact>
			</repositories>
			<parent id='20'>20</parent>
			<parent id='22'>22</parent>
			<parent id='24'>24</parent>
			<parent id='4'>4</parent>
			<parent id='2'>2</parent>
			<version></version>
			<parent id='18'>18</parent>
			<parent id='6'>6</parent>
			<info>
				<module>lua</module>
				<platform>windows_x86</platform>
				<extension>tar.xz</extension>
				<group>org.lua</group>
				<description>
			This module contains the LUA 5.1.5.9 interpreter in form of an executable with an accompanying shared library and the development files.
		</description>
				<version>5.1.5.9</version>
				<artifact>lua</artifact>
				<author_name>Lua.org, PUC-Rio</author_name>
				<license>MIT</license>
				<author_url>https://www.lua.org/</author_url>
				<vcs_id>GITv5.1.5.9</vcs_id>
			</info>
			<parent id='11'>11</parent>
			<parent id='16'>16</parent>
		</artifact>
		<artifact id='6'>
			<dependency_group id='1'>
				<dependency id='1'>
					<module>lua</module>
					<artifact>lua</artifact>
					<version>5.1</version>
					<group>org.lua</group>
				</dependency>
				<build_dependency id='1'>
					<module>lua</module>
					<artifact>lua</artifact>
					<version>5.1</version>
					<group>org.lua</group>
				</build_dependency>
			</dependency_group>
			<parent id='2'>2</parent>
			<info>
				<module>mhash</module>
				<platform>windows_x86</platform>
				<extension>tar.xz</extension>
				<group>org.muhkuh.lua</group>
				<description>
			LUA bindings for mhash with Hilscher boot image extensions.
		</description>
				<version>0.9.9.9.8</version>
				<artifact>lua5.1-mhash</artifact>
				<author_name>Muhkuh Team</author_name>
				<license>GPL-V2</license>
				<author_url>https://github.com/muhkuh-sys/org.muhkuh.lua-mhash</author_url>
				<vcs_id>GITv0.9.9.9.8</vcs_id>
			</info>
			<repositories>
				<configuration>github</configuration>
				<artifact>github</artifact>
			</repositories>
			<version></version>
		</artifact>
	</artifacts>
	<statistics>
		<repository id='local'>
			<served_bytes>
				<configuration_hash>459</configuration_hash>
				<artifact_hash>459</artifact_hash>
				<configuration>1157</configuration>
				<artifact>428601</artifact>
			</served_bytes>
			<requests>
				<configuration>
					<success>1</success>
					<error>0</error>
				</configuration>
				<artifact>
					<success>1</success>
					<error>0</error>
				</artifact>
			</requests>
		</repository>
		<repository id='overrides'>
			<served_bytes>
				<configuration_hash>0</configuration_hash>
				<artifact_hash>0</artifact_hash>
				<configuration>0</configuration>
				<artifact>0</artifact>
			</served_bytes>
			<requests>
				<configuration>
					<success>0</success>
					<error>0</error>
				</configuration>
				<artifact>
					<success>0</success>
					<error>0</error>
				</artifact>
			</requests>
		</repository>
		<repository id='github'>
			<served_bytes>
				<configuration_hash>4590</configuration_hash>
				<artifact_hash>4131</artifact_hash>
				<configuration>13115</configuration>
				<artifact>3546220</artifact>
			</served_bytes>
			<requests>
				<configuration>
					<success>10</success>
					<error>0</error>
				</configuration>
				<artifact>
					<success>9</success>
					<error>0</error>
				</artifact>
			</requests>
		</repository>
		<cache id='main'>
			<served_bytes>
				<configuration>4572</configuration>
				<artifact>171858</artifact>
			</served_bytes>
			<requests>
				<configuration>
					<miss>10</miss>
					<hit>5</hit>
				</configuration>
				<artifact>
					<miss>9</miss>
					<hit>5</hit>
				</artifact>
			</requests>
		</cache>
	</statistics>
	<configuration>
		<project>
			<repositories>
				<repository idx='2'>
					<artifact>[group]/[module]/[version]/[artifact]-[version][platform].[extension]</artifact>
					<rescan>0</rescan>
					<cacheable>false</cacheable>
					<config>[group]/[module]/[version]/[artifact]-[version][platform].[extension]</config>
					<id>overrides</id>
					<versions>[group]/[module]</versions>
					<root>../../../../jonchki/local_repository</root>
					<type>file</type>
				</repository>
				<repository idx='3'>
					<artifact>[dotgroup]-[module]/releases/download/v[version]/[artifact]-[version][platform].[extension]</artifact>
					<rescan>3600</rescan>
					<cacheable>true</cacheable>
					<config>[dotgroup]-[module]/releases/download/v[version]/[artifact]-[version][platform].[extension]</config>
					<id>github</id>
					<versions>[dotgroup]-[module]/releases</versions>
					<root>https://github.com/muhkuh-sys</root>
					<type>url</type>
				</repository>
				<repository idx='1'>
					<artifact>[group]/[module]/[version]/[artifact]-[version][platform].[extension]</artifact>
					<rescan>0</rescan>
					<cacheable>false</cacheable>
					<config>[group]/[module]/[version]/[artifact]-[version][platform].[extension]</config>
					<id>local</id>
					<versions>[group]/[module]</versions>
					<root>../../repository</root>
					<type>file</type>
				</repository>
			</repositories>
			<policies>
				<default idx='2'>
					<policy>002</policy>
				</default>
				<default idx='1'>
					<policy>001</policy>
				</default>
			</policies>
		</project>
	</configuration>
	<system>
		<platform>
			<host>
				<cpu_architecture>x86_64</cpu_architecture>
				<distribution_id>ubuntu</distribution_id>
				<distribution_version>18.04</distribution_version>
			</host>
			<override>
				<cpu_architecture>x86</cpu_architecture>
				<distribution_id>windows</distribution_id>
				<distribution_version></distribution_version>
			</override>
		</platform>
	</system>
</JonchkiReport>